Prefecture,"Production volume of paddy field rice in Japan in 2019, by prefecture (in 1,000 metric tons)",,,,,
Niigata,646.10,,,,,
Hokkaido,588.10,,,,,
Akita,526.80,,,,,
Yamagata,404.40,,,,,
Miyagi,376.90,,,,,
Fukushima,368.50,,,,,
Ibaraki,344.20,,,,,
Tochigi,311.40,,,,,
Chiba,289,,,,,
Aomori,282.20,,,,,
Iwate,279.80,,,,,
Toyama,205.70,,,,,
Nagano,198.40,,,,,
Hyogo,182.90,,,,,
Shiga,161.40,,,,,
Kumamoto,160.80,,,,,
Fukuoka,158.90,,,,,
Okayama,155.60,,,,,
Saitama,154.20,,,,,
Aichi,137.20,,,,,
Ishikawa,133,,,,,
Fukui,130.50,,,,,
Mie,130.20,,,,,
Hiroshima,113.30,,,,,
Gifu,108.50,,,,,
Yamaguchi,91.50,,,,,
Oita,89.60,,,,,
Kagoshima,88.50,,,,,
Shimane,87.50,,,,,
Shizuoka,81.20,,,,,
Gunma,75.30,,,,,
Miyazaki,74.90,,,,,
Kyoto,72.70,,,,,
Saga,71.80,,,,,
Tottori,65.30,,,,,
Ehime,63.90,,,,,
Kagawa,56.50,,,,,
Tokushima,52.40,,,,,
Nagasaki,51.90,,,,,
Kochi,47.90,,,,,
Nara,43.70,,,,,
Wakayama,31.40,,,,,
Yamanashi,26.50,,,,,
Osaka,24.30,,,,,
Kanagawa,14.30,,,,,
Okinawa,2,,,,,
Tokyo,0.52,,,,,