id,name,% land,,,,
1,Hokkaido,14.6,,,,
2,Aomori,16.1,,,,
3,Iwate,9.9,,,,
4,Miyagi,17.8,,,,
5,Akita,12.8,,,,
6,Yamagata,13.1,,,,
7,Fukushima,10.5,,,,
8,Ibaraki,28.3,,,,
9,Tochigi,19.5,,,,
10,Gumma,11.4,,,,
11,Saitama,20.3,,,,
12,Chiba,24.7,,,,
13,Tokyo,3.3,,,,
14,Kanagawa,8.2,,,,
15,Niigata,13.7,,,,
16,Toyama,13.9,,,,
17,Ishikawa,10.1,,,,
18,Fukui,9.7,,,,
19,Yamanashi,5.5,,,,
20,Nagano,8.1,,,,
21,Gifu,5.4,,,,
22,Shizuoka,8.8,,,,
23,Aichi,15.0,,,,
24,Mie,10.5,,,,
25,Shiga,13.1,,,,
26,Kyoto,6.8,,,,
27,Osaka,7.0,,,,
28,Hyogo,9.0,,,,
29,Nara,6.0,,,,
30,Wakayama,7.2,,,,
31,Tottori,9.9,,,,
32,Shimane,5.6,,,,
33,Okayama,9.4,,,,
34,Hiroshima,6.7,,,,
35,Yamaguchi,8.0,,,,
36,Tokushima,7.3,,,,
37,Kagawa,16.6,,,,
38,Ehime,9.0,,,,
39,Kochi,4.0,,,,
40,Fukuoka,17.1,,,,
41,Saga,21.9,,,,
42,Nagasaki,12.2,,,,
43,Kumamoto,15.5,,,,
44,Oita,9.0,,,,
45,Miyazaki,8.8,,,,
46,Kagoshima,13.2,,,,
47,Okinawa,17.0,,,,