States,"Production of Maize, 000 Metric tons",,,,,
Federal Capital Territory,4.27,,,,,
Abia,50.67,,,,,
Adamawa,175.61,,,,,
Akwa Ibom,70,,,,,
Anambra,69,,,,,
Bauchi,164.89,,,,,
Bayelsa,1.86,,,,,
Benue,134.7,,,,,
Borno,516.27,,,,,
Cross River,100.15,,,,,
Delta,195,,,,,
Ebonyi,44.07,,,,,
Edo,86.9,,,,,
Ekiti,113.3,,,,,
Enugu,104.8,,,,,
Gombe,177.6,,,,,
Imo,151.3,,,,,
Jigawa,8.23,,,,,
Kaduna,907.5,,,,,
Kano,123.05,,,,,
Katsina,155.44,,,,,
Kebbi,36,,,,,
Kogi,248.6,,,,,
Kwara,86.02,,,,,
Lagos,1.85,,,,,
Nasarawa,123.64,,,,,
Niger,327.14,,,,,
Ogun,95.12,,,,,
Ondo,175.2,,,,,
Osun,67.34,,,,,
Oyo,281.89,,,,,
Plateau,340.07,,,,,
Rivers,103.28,,,,,
Sokoto,12.23,,,,,
Taraba,444.43,,,,,
Yobe,16.4,,,,,
Zamfara,55.12,,,,,